State,risk,churn_probability
,LOW,20.0
,HIGH,56.0
,HIGH,79.0
,LOW,9.0
,LOW,4.0
,LOW,3.0
,LOW,3.0
,HIGH,60.0
,LOW,3.0
,LOW,1.0
,LOW,1.0
,LOW,5.0
,LOW,2.0
,LOW,4.0
,LOW,41.0
,LOW,1.0
,HIGH,75.0
,LOW,2.0
,LOW,3.0
,LOW,41.0
,LOW,5.0
,LOW,5.0
,LOW,7.0
,LOW,0.0
,LOW,4.0
,LOW,3.0
,LOW,8.0
,LOW,0.0
,LOW,1.0
,LOW,3.0
,LOW,1.0
,LOW,5.0
,LOW,7.0
,LOW,4.0
,LOW,32.0
,HIGH,75.0
,LOW,3.0
,LOW,7.0
,LOW,11.0
,LOW,4.0
,LOW,27.0
,HIGH,73.0
,LOW,6.0
,LOW,24.0
,LOW,2.0
,LOW,2.0
,LOW,9.0
,LOW,27.0
,LOW,4.0
,LOW,20.0
,LOW,1.0
,LOW,3.0
,LOW,2.0
,LOW,2.0
,LOW,1.0
,LOW,6.0
,HIGH,83.0
,LOW,10.0
,HIGH,57.0
,LOW,3.0
,HIGH,71.0
,HIGH,66.0
,HIGH,74.0
,LOW,4.0
,LOW,11.0
,LOW,41.0
,LOW,18.0
,LOW,1.0
,LOW,2.0
,LOW,1.0
,LOW,1.0
,LOW,0.0
,LOW,3.0
,LOW,1.0
,LOW,30.0
,LOW,5.0
,LOW,2.0
,LOW,20.0
,LOW,19.0
,LOW,1.0
,LOW,4.0
,LOW,2.0
,LOW,3.0
,LOW,4.0
,LOW,25.0
,LOW,1.0
,LOW,2.0
,LOW,14.0
,LOW,9.0
,LOW,7.0
,LOW,8.0
,LOW,7.0
,LOW,6.0
,LOW,0.0
,LOW,4.0
,LOW,4.0
,LOW,29.0
,LOW,21.0
,HIGH,53.0
,LOW,4.0
,HIGH,67.0
,LOW,1.0
,LOW,2.0
,LOW,4.0
,LOW,15.0
,LOW,1.0
,LOW,7.0
,LOW,12.0
,LOW,2.0
,HIGH,73.0
,LOW,39.0
,LOW,0.0
,LOW,8.0
,LOW,5.0
,HIGH,67.0
,LOW,17.0
,LOW,9.0
,LOW,1.0
,LOW,6.0
,LOW,2.0
,LOW,4.0
,LOW,3.0
,LOW,3.0
,LOW,26.0
,LOW,6.0
,LOW,6.0
,LOW,3.0
,LOW,2.0
,LOW,10.0
,LOW,3.0
,LOW,9.0
,LOW,0.0
,LOW,48.0
,LOW,2.0
,HIGH,83.0
,LOW,12.0
,LOW,1.0
,LOW,35.0
,LOW,0.0
,LOW,2.0
,LOW,3.0
,LOW,2.0
,LOW,7.0
,LOW,6.0
,LOW,2.0
,LOW,3.0
,LOW,33.0
,LOW,5.0
,LOW,5.0
,LOW,12.0
,LOW,4.0
,LOW,2.0
,LOW,6.0
,LOW,4.0
,HIGH,55.0
,LOW,34.0
,LOW,6.0
,LOW,22.0
,LOW,3.0
,LOW,5.0
,LOW,6.0
,LOW,42.0
,LOW,12.0
,HIGH,57.0
,LOW,3.0
,LOW,4.0
,LOW,3.0
,LOW,23.0
,LOW,21.0
,LOW,3.0
,LOW,31.0
,LOW,2.0
,LOW,0.0
,LOW,0.0
,LOW,4.0
,HIGH,91.0
,LOW,3.0
,LOW,35.0
,LOW,4.0
,LOW,25.0
,LOW,8.0
,LOW,0.0
,LOW,0.0
,LOW,3.0
,LOW,31.0
,LOW,2.0
,LOW,6.0
,LOW,2.0
,LOW,2.0
,LOW,7.0
,LOW,0.0
,LOW,7.0
,LOW,2.0
,LOW,13.0
,LOW,6.0
,LOW,16.0
,LOW,1.0
,LOW,4.0
,LOW,6.0
,LOW,3.0
,LOW,0.0
,HIGH,51.0
,LOW,3.0
,HIGH,81.0
,LOW,5.0
,LOW,4.0
,LOW,1.0
,LOW,1.0
,LOW,3.0
,LOW,11.0
,LOW,2.0
,LOW,1.0
,LOW,2.0
,LOW,27.0
,LOW,4.0
,LOW,5.0
,LOW,3.0
,LOW,6.0
,LOW,11.0
,LOW,2.0
,LOW,1.0
,LOW,4.0
,LOW,8.0
,LOW,9.0
,LOW,4.0
,HIGH,59.0
,HIGH,71.0
,LOW,2.0
,LOW,1.0
,LOW,2.0
,LOW,4.0
,LOW,12.0
,LOW,0.0
,LOW,3.0
,LOW,8.0
,LOW,4.0
,LOW,2.0
,LOW,4.0
,HIGH,71.0
,LOW,3.0
,LOW,1.0
,LOW,1.0
,LOW,17.0
,LOW,3.0
,LOW,3.0
,LOW,2.0
,LOW,8.0
,LOW,3.0
,LOW,4.0
,LOW,1.0
,LOW,3.0
,LOW,9.0
,LOW,48.0
,LOW,3.0
,LOW,4.0
,LOW,2.0
,LOW,1.0
,LOW,2.0
,LOW,4.0
,LOW,13.0
,LOW,0.0
,LOW,5.0
,LOW,4.0
,LOW,6.0
,LOW,15.0
,LOW,3.0
,LOW,1.0
,LOW,4.0
,LOW,1.0
,LOW,15.0
,LOW,10.0
,LOW,5.0
,LOW,1.0
,LOW,5.0
,LOW,17.0
,LOW,2.0
,HIGH,57.0
,LOW,2.0
,LOW,5.0
,HIGH,78.0
,LOW,4.0
,LOW,5.0
,LOW,45.0
,LOW,10.0
,LOW,4.0
,LOW,5.0
,LOW,5.0
,LOW,21.0
,LOW,1.0
,LOW,4.0
,LOW,2.0
,LOW,3.0
,LOW,4.0
,LOW,10.0
,LOW,12.0
,LOW,15.0
,LOW,2.0
,LOW,1.0
,HIGH,64.0
,HIGH,58.0
,LOW,2.0
,LOW,0.0
,LOW,3.0
,LOW,6.0
,LOW,7.0
,LOW,1.0
,LOW,0.0
,LOW,1.0
,LOW,8.0
,LOW,1.0
,LOW,12.0
,LOW,5.0
,LOW,10.0
,LOW,15.0
,LOW,11.0
,LOW,4.0
,LOW,2.0
,LOW,11.0
,LOW,2.0
,LOW,1.0
,LOW,4.0
,LOW,3.0
,LOW,2.0
,LOW,9.0
,LOW,5.0
,LOW,6.0
,LOW,2.0
,HIGH,83.0
,LOW,10.0
,LOW,2.0
,LOW,0.0
,LOW,4.0
,LOW,0.0
,LOW,5.0
,LOW,2.0
,LOW,1.0
,LOW,2.0
,HIGH,72.0
,LOW,4.0
,LOW,2.0
,LOW,32.0
,LOW,10.0
,LOW,21.0
,LOW,1.0
,LOW,12.0
,LOW,10.0
,LOW,2.0
,LOW,13.0
,LOW,9.0
,HIGH,77.0
,LOW,1.0
,HIGH,80.0
,LOW,5.0
,LOW,3.0
,LOW,1.0
,HIGH,64.0
,LOW,2.0
,LOW,0.0
,LOW,9.0
,LOW,1.0
,LOW,4.0
,LOW,7.0
,HIGH,71.0
,LOW,18.0
,LOW,14.0
,LOW,3.0
,LOW,10.0
,LOW,6.0
,LOW,3.0
,LOW,0.0
,LOW,1.0
,LOW,2.0
,LOW,5.0
,LOW,2.0
,LOW,6.0
,LOW,3.0
,LOW,1.0
,LOW,21.0
,LOW,5.0
,LOW,1.0
,LOW,4.0
,LOW,6.0
,LOW,1.0
,LOW,5.0
,LOW,1.0
,HIGH,61.0
,LOW,7.0
,LOW,50.0
,LOW,6.0
,LOW,5.0
,HIGH,52.0
,LOW,7.0
,LOW,3.0
,LOW,2.0
,LOW,6.0
,LOW,5.0
,LOW,8.0
,LOW,1.0
,HIGH,85.0
,LOW,23.0
,LOW,27.0
,HIGH,72.0
,LOW,12.0
,LOW,33.0
,LOW,7.0
,LOW,6.0
,LOW,1.0
,LOW,11.0
,LOW,3.0
,HIGH,64.0
,LOW,3.0
,LOW,3.0
,LOW,2.0
,LOW,1.0
,LOW,1.0
,LOW,2.0
,LOW,1.0
,LOW,0.0
,LOW,16.0
,LOW,5.0
,HIGH,75.0
,LOW,3.0
,LOW,4.0
,LOW,8.0
,HIGH,75.0
,LOW,29.0
,LOW,1.0
,LOW,7.0
,LOW,3.0
,LOW,1.0
,HIGH,79.0
,LOW,4.0
,LOW,3.0
,LOW,8.0
,LOW,3.0
,LOW,3.0
,LOW,5.0
,HIGH,81.0
,LOW,1.0
,LOW,24.0
,LOW,8.0
,LOW,36.0
,HIGH,88.0
,LOW,8.0
,LOW,32.0
,LOW,6.0
,LOW,7.0
,LOW,3.0
,LOW,30.0
,LOW,31.0
,LOW,4.0
,LOW,1.0
,LOW,3.0
,LOW,29.0
,LOW,4.0
,LOW,28.0
,LOW,47.0
,HIGH,77.0
,HIGH,60.0
,LOW,4.0
,LOW,8.0
,HIGH,58.0
,LOW,3.0
,LOW,26.0
,HIGH,70.0
,LOW,6.0
,LOW,7.0
,LOW,1.0
,LOW,28.0
,LOW,2.0
,LOW,3.0
,LOW,6.0
,LOW,1.0
,LOW,8.0
,LOW,1.0
,LOW,3.0
,LOW,2.0
,LOW,8.0
,LOW,4.0
,LOW,2.0
,LOW,0.0
,LOW,11.0
,LOW,7.0
,HIGH,55.0
,LOW,10.0
,LOW,5.0
,LOW,1.0
,LOW,3.0
,LOW,2.0
,LOW,3.0
,LOW,5.0
,LOW,10.0
,LOW,24.0
,LOW,5.0
,HIGH,55.0
,HIGH,52.0
,LOW,1.0
,LOW,1.0
,LOW,1.0
,LOW,1.0
,HIGH,73.0
,LOW,3.0
,LOW,21.0
,LOW,2.0
,LOW,9.0
,HIGH,55.0
,LOW,5.0
,LOW,4.0
,LOW,1.0
,LOW,17.0
,LOW,7.0
,LOW,5.0
,LOW,0.0
,LOW,0.0
,LOW,4.0
,LOW,1.0
,LOW,5.0
,LOW,5.0
,LOW,8.0
,LOW,2.0
,LOW,21.0
,LOW,3.0
,LOW,2.0
,LOW,1.0
,HIGH,63.0
,LOW,42.0
,LOW,2.0
,LOW,5.0
,LOW,4.0
,HIGH,71.0
,LOW,1.0
,LOW,4.0
,LOW,3.0
,LOW,9.0
,LOW,9.0
,LOW,1.0
,LOW,2.0
,LOW,12.0
,LOW,5.0
,LOW,3.0
,HIGH,51.0
,LOW,16.0
,HIGH,51.0
,LOW,0.0
,LOW,0.0
,LOW,4.0
,HIGH,70.0
,LOW,3.0
,LOW,23.0
,HIGH,54.0
,LOW,6.0
,LOW,0.0
,HIGH,66.0
,LOW,3.0
,LOW,7.0
,LOW,4.0
,LOW,4.0
,LOW,4.0
,LOW,13.0
,LOW,6.0
,LOW,4.0
,HIGH,83.0
,LOW,3.0
,LOW,1.0
,LOW,6.0
,LOW,1.0
,LOW,1.0
,LOW,4.0
,LOW,19.0
,LOW,8.0
,LOW,1.0
,LOW,14.0
,HIGH,92.0
,HIGH,85.0
,LOW,1.0
,LOW,4.0
,LOW,7.0
,LOW,1.0
,LOW,13.0
,LOW,15.0
,LOW,8.0
,LOW,3.0
,HIGH,74.0
,LOW,2.0
,LOW,1.0
,LOW,10.0
,LOW,7.0
,LOW,3.0
,LOW,3.0
,LOW,4.0
,LOW,5.0
,LOW,4.0
,LOW,5.0
,HIGH,63.0
,LOW,6.0
,LOW,0.0
,LOW,1.0
,LOW,4.0
,LOW,3.0
,LOW,0.0
,LOW,11.0
,LOW,6.0
,LOW,2.0
,LOW,1.0
,LOW,1.0
,LOW,7.0
,HIGH,55.0
,LOW,3.0
,LOW,2.0
,LOW,3.0
,LOW,5.0
,LOW,2.0
,LOW,4.0
,LOW,0.0
,LOW,17.0
,HIGH,55.0
,LOW,1.0
,LOW,9.0
,LOW,18.0
,LOW,4.0
,LOW,5.0
,LOW,3.0
,LOW,7.0
,LOW,4.0
,LOW,8.0
,LOW,2.0
,LOW,4.0
,LOW,1.0
,LOW,1.0
,LOW,4.0
,LOW,5.0
,LOW,2.0
,LOW,3.0
,LOW,2.0
,LOW,9.0
,LOW,7.0
,LOW,32.0
,LOW,4.0
,LOW,1.0
,LOW,7.0
,LOW,4.0
,LOW,9.0
,LOW,3.0
,LOW,3.0
,LOW,2.0
,LOW,4.0
,LOW,3.0
,LOW,12.0
,LOW,6.0
,LOW,8.0
,LOW,3.0
,LOW,5.0
,HIGH,80.0
,HIGH,81.0
,LOW,3.0
,LOW,3.0
,LOW,17.0
,LOW,9.0
,LOW,3.0
,LOW,1.0
,LOW,3.0
,HIGH,76.0
,LOW,2.0
,LOW,6.0
,LOW,5.0
,LOW,1.0
,LOW,1.0
